tgname,trigger_def
RI_ConstraintTrigger_a_17591,"CREATE CONSTRAINT TRIGGER ""RI_ConstraintTrigger_a_17591"" AFTER DELETE ON public.profiles FROM documents NOT DEFERRABLE INITIALLY IMMEDIATE FOR EACH ROW EXECUTE FUNCTION ""RI_FKey_cascade_del""()"
RI_ConstraintTrigger_a_17592,"CREATE CONSTRAINT TRIGGER ""RI_ConstraintTrigger_a_17592"" AFTER UPDATE ON public.profiles FROM documents NOT DEFERRABLE INITIALLY IMMEDIATE FOR EACH ROW EXECUTE FUNCTION ""RI_FKey_noaction_upd""()"
RI_ConstraintTrigger_a_17689,"CREATE CONSTRAINT TRIGGER ""RI_ConstraintTrigger_a_17689"" AFTER DELETE ON public.profiles FROM projects NOT DEFERRABLE INITIALLY IMMEDIATE FOR EACH ROW EXECUTE FUNCTION ""RI_FKey_cascade_del""()"
RI_ConstraintTrigger_a_17690,"CREATE CONSTRAINT TRIGGER ""RI_ConstraintTrigger_a_17690"" AFTER UPDATE ON public.profiles FROM projects NOT DEFERRABLE INITIALLY IMMEDIATE FOR EACH ROW EXECUTE FUNCTION ""RI_FKey_noaction_upd""()"
RI_ConstraintTrigger_a_17694,"CREATE CONSTRAINT TRIGGER ""RI_ConstraintTrigger_a_17694"" AFTER DELETE ON public.profiles FROM projects NOT DEFERRABLE INITIALLY IMMEDIATE FOR EACH ROW EXECUTE FUNCTION ""RI_FKey_noaction_del""()"
RI_ConstraintTrigger_a_17695,"CREATE CONSTRAINT TRIGGER ""RI_ConstraintTrigger_a_17695"" AFTER UPDATE ON public.profiles FROM projects NOT DEFERRABLE INITIALLY IMMEDIATE FOR EACH ROW EXECUTE FUNCTION ""RI_FKey_noaction_upd""()"
RI_ConstraintTrigger_a_17720,"CREATE CONSTRAINT TRIGGER ""RI_ConstraintTrigger_a_17720"" AFTER DELETE ON public.profiles FROM project_applications NOT DEFERRABLE INITIALLY IMMEDIATE FOR EACH ROW EXECUTE FUNCTION ""RI_FKey_cascade_del""()"
RI_ConstraintTrigger_a_17721,"CREATE CONSTRAINT TRIGGER ""RI_ConstraintTrigger_a_17721"" AFTER UPDATE ON public.profiles FROM project_applications NOT DEFERRABLE INITIALLY IMMEDIATE FOR EACH ROW EXECUTE FUNCTION ""RI_FKey_noaction_upd""()"
RI_ConstraintTrigger_a_17739,"CREATE CONSTRAINT TRIGGER ""RI_ConstraintTrigger_a_17739"" AFTER DELETE ON public.profiles FROM transactions NOT DEFERRABLE INITIALLY IMMEDIATE FOR EACH ROW EXECUTE FUNCTION ""RI_FKey_cascade_del""()"
RI_ConstraintTrigger_a_17740,"CREATE CONSTRAINT TRIGGER ""RI_ConstraintTrigger_a_17740"" AFTER UPDATE ON public.profiles FROM transactions NOT DEFERRABLE INITIALLY IMMEDIATE FOR EACH ROW EXECUTE FUNCTION ""RI_FKey_noaction_upd""()"
RI_ConstraintTrigger_a_17757,"CREATE CONSTRAINT TRIGGER ""RI_ConstraintTrigger_a_17757"" AFTER DELETE ON public.profiles FROM withdrawals NOT DEFERRABLE INITIALLY IMMEDIATE FOR EACH ROW EXECUTE FUNCTION ""RI_FKey_cascade_del""()"
RI_ConstraintTrigger_a_17758,"CREATE CONSTRAINT TRIGGER ""RI_ConstraintTrigger_a_17758"" AFTER UPDATE ON public.profiles FROM withdrawals NOT DEFERRABLE INITIALLY IMMEDIATE FOR EACH ROW EXECUTE FUNCTION ""RI_FKey_noaction_upd""()"
RI_ConstraintTrigger_a_17762,"CREATE CONSTRAINT TRIGGER ""RI_ConstraintTrigger_a_17762"" AFTER DELETE ON public.profiles FROM withdrawals NOT DEFERRABLE INITIALLY IMMEDIATE FOR EACH ROW EXECUTE FUNCTION ""RI_FKey_noaction_del""()"
RI_ConstraintTrigger_a_17763,"CREATE CONSTRAINT TRIGGER ""RI_ConstraintTrigger_a_17763"" AFTER UPDATE ON public.profiles FROM withdrawals NOT DEFERRABLE INITIALLY IMMEDIATE FOR EACH ROW EXECUTE FUNCTION ""RI_FKey_noaction_upd""()"
RI_ConstraintTrigger_a_17786,"CREATE CONSTRAINT TRIGGER ""RI_ConstraintTrigger_a_17786"" AFTER DELETE ON public.profiles FROM project_submissions NOT DEFERRABLE INITIALLY IMMEDIATE FOR EACH ROW EXECUTE FUNCTION ""RI_FKey_cascade_del""()"
RI_ConstraintTrigger_a_17787,"CREATE CONSTRAINT TRIGGER ""RI_ConstraintTrigger_a_17787"" AFTER UPDATE ON public.profiles FROM project_submissions NOT DEFERRABLE INITIALLY IMMEDIATE FOR EACH ROW EXECUTE FUNCTION ""RI_FKey_noaction_upd""()"
RI_ConstraintTrigger_a_17837,"CREATE CONSTRAINT TRIGGER ""RI_ConstraintTrigger_a_17837"" AFTER DELETE ON public.profiles FROM messages NOT DEFERRABLE INITIALLY IMMEDIATE FOR EACH ROW EXECUTE FUNCTION ""RI_FKey_noaction_del""()"
RI_ConstraintTrigger_a_17838,"CREATE CONSTRAINT TRIGGER ""RI_ConstraintTrigger_a_17838"" AFTER UPDATE ON public.profiles FROM messages NOT DEFERRABLE INITIALLY IMMEDIATE FOR EACH ROW EXECUTE FUNCTION ""RI_FKey_noaction_upd""()"
RI_ConstraintTrigger_a_18432,"CREATE CONSTRAINT TRIGGER ""RI_ConstraintTrigger_a_18432"" AFTER DELETE ON public.profiles FROM message_reactions NOT DEFERRABLE INITIALLY IMMEDIATE FOR EACH ROW EXECUTE FUNCTION ""RI_FKey_cascade_del""()"
RI_ConstraintTrigger_a_18433,"CREATE CONSTRAINT TRIGGER ""RI_ConstraintTrigger_a_18433"" AFTER UPDATE ON public.profiles FROM message_reactions NOT DEFERRABLE INITIALLY IMMEDIATE FOR EACH ROW EXECUTE FUNCTION ""RI_FKey_noaction_upd""()"
RI_ConstraintTrigger_a_19677,"CREATE CONSTRAINT TRIGGER ""RI_ConstraintTrigger_a_19677"" AFTER DELETE ON public.profiles FROM aadhaar_verifications NOT DEFERRABLE INITIALLY IMMEDIATE FOR EACH ROW EXECUTE FUNCTION ""RI_FKey_cascade_del""()"
RI_ConstraintTrigger_a_19678,"CREATE CONSTRAINT TRIGGER ""RI_ConstraintTrigger_a_19678"" AFTER UPDATE ON public.profiles FROM aadhaar_verifications NOT DEFERRABLE INITIALLY IMMEDIATE FOR EACH ROW EXECUTE FUNCTION ""RI_FKey_noaction_upd""()"
RI_ConstraintTrigger_a_19682,"CREATE CONSTRAINT TRIGGER ""RI_ConstraintTrigger_a_19682"" AFTER DELETE ON public.profiles FROM aadhaar_verifications NOT DEFERRABLE INITIALLY IMMEDIATE FOR EACH ROW EXECUTE FUNCTION ""RI_FKey_noaction_del""()"
RI_ConstraintTrigger_a_19683,"CREATE CONSTRAINT TRIGGER ""RI_ConstraintTrigger_a_19683"" AFTER UPDATE ON public.profiles FROM aadhaar_verifications NOT DEFERRABLE INITIALLY IMMEDIATE FOR EACH ROW EXECUTE FUNCTION ""RI_FKey_noaction_upd""()"
RI_ConstraintTrigger_a_19711,"CREATE CONSTRAINT TRIGGER ""RI_ConstraintTrigger_a_19711"" AFTER DELETE ON public.profiles FROM profiles NOT DEFERRABLE INITIALLY IMMEDIATE FOR EACH ROW EXECUTE FUNCTION ""RI_FKey_noaction_del""()"
RI_ConstraintTrigger_a_19712,"CREATE CONSTRAINT TRIGGER ""RI_ConstraintTrigger_a_19712"" AFTER UPDATE ON public.profiles FROM profiles NOT DEFERRABLE INITIALLY IMMEDIATE FOR EACH ROW EXECUTE FUNCTION ""RI_FKey_noaction_upd""()"
RI_ConstraintTrigger_a_19770,"CREATE CONSTRAINT TRIGGER ""RI_ConstraintTrigger_a_19770"" AFTER DELETE ON public.profiles FROM legal_documents NOT DEFERRABLE INITIALLY IMMEDIATE FOR EACH ROW EXECUTE FUNCTION ""RI_FKey_setnull_del""()"
RI_ConstraintTrigger_a_19771,"CREATE CONSTRAINT TRIGGER ""RI_ConstraintTrigger_a_19771"" AFTER UPDATE ON public.profiles FROM legal_documents NOT DEFERRABLE INITIALLY IMMEDIATE FOR EACH ROW EXECUTE FUNCTION ""RI_FKey_noaction_upd""()"
RI_ConstraintTrigger_a_19828,"CREATE CONSTRAINT TRIGGER ""RI_ConstraintTrigger_a_19828"" AFTER DELETE ON public.profiles FROM employee_services NOT DEFERRABLE INITIALLY IMMEDIATE FOR EACH ROW EXECUTE FUNCTION ""RI_FKey_cascade_del""()"
RI_ConstraintTrigger_a_19829,"CREATE CONSTRAINT TRIGGER ""RI_ConstraintTrigger_a_19829"" AFTER UPDATE ON public.profiles FROM employee_services NOT DEFERRABLE INITIALLY IMMEDIATE FOR EACH ROW EXECUTE FUNCTION ""RI_FKey_noaction_upd""()"
RI_ConstraintTrigger_a_19877,"CREATE CONSTRAINT TRIGGER ""RI_ConstraintTrigger_a_19877"" AFTER DELETE ON public.profiles FROM work_experiences NOT DEFERRABLE INITIALLY IMMEDIATE FOR EACH ROW EXECUTE FUNCTION ""RI_FKey_cascade_del""()"
RI_ConstraintTrigger_a_19878,"CREATE CONSTRAINT TRIGGER ""RI_ConstraintTrigger_a_19878"" AFTER UPDATE ON public.profiles FROM work_experiences NOT DEFERRABLE INITIALLY IMMEDIATE FOR EACH ROW EXECUTE FUNCTION ""RI_FKey_noaction_upd""()"
RI_ConstraintTrigger_a_19897,"CREATE CONSTRAINT TRIGGER ""RI_ConstraintTrigger_a_19897"" AFTER DELETE ON public.profiles FROM employee_emergency_contacts NOT DEFERRABLE INITIALLY IMMEDIATE FOR EACH ROW EXECUTE FUNCTION ""RI_FKey_cascade_del""()"
RI_ConstraintTrigger_a_19898,"CREATE CONSTRAINT TRIGGER ""RI_ConstraintTrigger_a_19898"" AFTER UPDATE ON public.profiles FROM employee_emergency_contacts NOT DEFERRABLE INITIALLY IMMEDIATE FOR EACH ROW EXECUTE FUNCTION ""RI_FKey_noaction_upd""()"
RI_ConstraintTrigger_a_19916,"CREATE CONSTRAINT TRIGGER ""RI_ConstraintTrigger_a_19916"" AFTER DELETE ON public.profiles FROM app_settings NOT DEFERRABLE INITIALLY IMMEDIATE FOR EACH ROW EXECUTE FUNCTION ""RI_FKey_noaction_del""()"
RI_ConstraintTrigger_a_19917,"CREATE CONSTRAINT TRIGGER ""RI_ConstraintTrigger_a_19917"" AFTER UPDATE ON public.profiles FROM app_settings NOT DEFERRABLE INITIALLY IMMEDIATE FOR EACH ROW EXECUTE FUNCTION ""RI_FKey_noaction_upd""()"
RI_ConstraintTrigger_a_19955,"CREATE CONSTRAINT TRIGGER ""RI_ConstraintTrigger_a_19955"" AFTER DELETE ON public.profiles FROM bank_verifications NOT DEFERRABLE INITIALLY IMMEDIATE FOR EACH ROW EXECUTE FUNCTION ""RI_FKey_cascade_del""()"
RI_ConstraintTrigger_a_19956,"CREATE CONSTRAINT TRIGGER ""RI_ConstraintTrigger_a_19956"" AFTER UPDATE ON public.profiles FROM bank_verifications NOT DEFERRABLE INITIALLY IMMEDIATE FOR EACH ROW EXECUTE FUNCTION ""RI_FKey_noaction_upd""()"
RI_ConstraintTrigger_a_19960,"CREATE CONSTRAINT TRIGGER ""RI_ConstraintTrigger_a_19960"" AFTER DELETE ON public.profiles FROM bank_verifications NOT DEFERRABLE INITIALLY IMMEDIATE FOR EACH ROW EXECUTE FUNCTION ""RI_FKey_noaction_del""()"
RI_ConstraintTrigger_a_19961,"CREATE CONSTRAINT TRIGGER ""RI_ConstraintTrigger_a_19961"" AFTER UPDATE ON public.profiles FROM bank_verifications NOT DEFERRABLE INITIALLY IMMEDIATE FOR EACH ROW EXECUTE FUNCTION ""RI_FKey_noaction_upd""()"
RI_ConstraintTrigger_a_20001,"CREATE CONSTRAINT TRIGGER ""RI_ConstraintTrigger_a_20001"" AFTER DELETE ON public.profiles FROM referrals NOT DEFERRABLE INITIALLY IMMEDIATE FOR EACH ROW EXECUTE FUNCTION ""RI_FKey_noaction_del""()"
RI_ConstraintTrigger_a_20002,"CREATE CONSTRAINT TRIGGER ""RI_ConstraintTrigger_a_20002"" AFTER UPDATE ON public.profiles FROM referrals NOT DEFERRABLE INITIALLY IMMEDIATE FOR EACH ROW EXECUTE FUNCTION ""RI_FKey_noaction_upd""()"
RI_ConstraintTrigger_a_20006,"CREATE CONSTRAINT TRIGGER ""RI_ConstraintTrigger_a_20006"" AFTER DELETE ON public.profiles FROM referrals NOT DEFERRABLE INITIALLY IMMEDIATE FOR EACH ROW EXECUTE FUNCTION ""RI_FKey_noaction_del""()"
RI_ConstraintTrigger_a_20007,"CREATE CONSTRAINT TRIGGER ""RI_ConstraintTrigger_a_20007"" AFTER UPDATE ON public.profiles FROM referrals NOT DEFERRABLE INITIALLY IMMEDIATE FOR EACH ROW EXECUTE FUNCTION ""RI_FKey_noaction_upd""()"
RI_ConstraintTrigger_a_20047,"CREATE CONSTRAINT TRIGGER ""RI_ConstraintTrigger_a_20047"" AFTER DELETE ON public.profiles FROM announcements NOT DEFERRABLE INITIALLY IMMEDIATE FOR EACH ROW EXECUTE FUNCTION ""RI_FKey_noaction_del""()"
RI_ConstraintTrigger_a_20048,"CREATE CONSTRAINT TRIGGER ""RI_ConstraintTrigger_a_20048"" AFTER UPDATE ON public.profiles FROM announcements NOT DEFERRABLE INITIALLY IMMEDIATE FOR EACH ROW EXECUTE FUNCTION ""RI_FKey_noaction_upd""()"
RI_ConstraintTrigger_a_20087,"CREATE CONSTRAINT TRIGGER ""RI_ConstraintTrigger_a_20087"" AFTER DELETE ON public.profiles FROM registration_metadata NOT DEFERRABLE INITIALLY IMMEDIATE FOR EACH ROW EXECUTE FUNCTION ""RI_FKey_cascade_del""()"
RI_ConstraintTrigger_a_20088,"CREATE CONSTRAINT TRIGGER ""RI_ConstraintTrigger_a_20088"" AFTER UPDATE ON public.profiles FROM registration_metadata NOT DEFERRABLE INITIALLY IMMEDIATE FOR EACH ROW EXECUTE FUNCTION ""RI_FKey_noaction_upd""()"
RI_ConstraintTrigger_a_20132,"CREATE CONSTRAINT TRIGGER ""RI_ConstraintTrigger_a_20132"" AFTER DELETE ON public.profiles FROM project_documents NOT DEFERRABLE INITIALLY IMMEDIATE FOR EACH ROW EXECUTE FUNCTION ""RI_FKey_noaction_del""()"
RI_ConstraintTrigger_a_20133,"CREATE CONSTRAINT TRIGGER ""RI_ConstraintTrigger_a_20133"" AFTER UPDATE ON public.profiles FROM project_documents NOT DEFERRABLE INITIALLY IMMEDIATE FOR EACH ROW EXECUTE FUNCTION ""RI_FKey_noaction_upd""()"
RI_ConstraintTrigger_a_20168,"CREATE CONSTRAINT TRIGGER ""RI_ConstraintTrigger_a_20168"" AFTER DELETE ON public.profiles FROM recovery_requests NOT DEFERRABLE INITIALLY IMMEDIATE FOR EACH ROW EXECUTE FUNCTION ""RI_FKey_noaction_del""()"
RI_ConstraintTrigger_a_20169,"CREATE CONSTRAINT TRIGGER ""RI_ConstraintTrigger_a_20169"" AFTER UPDATE ON public.profiles FROM recovery_requests NOT DEFERRABLE INITIALLY IMMEDIATE FOR EACH ROW EXECUTE FUNCTION ""RI_FKey_noaction_upd""()"
RI_ConstraintTrigger_a_20173,"CREATE CONSTRAINT TRIGGER ""RI_ConstraintTrigger_a_20173"" AFTER DELETE ON public.profiles FROM recovery_requests NOT DEFERRABLE INITIALLY IMMEDIATE FOR EACH ROW EXECUTE FUNCTION ""RI_FKey_noaction_del""()"
RI_ConstraintTrigger_a_20174,"CREATE CONSTRAINT TRIGGER ""RI_ConstraintTrigger_a_20174"" AFTER UPDATE ON public.profiles FROM recovery_requests NOT DEFERRABLE INITIALLY IMMEDIATE FOR EACH ROW EXECUTE FUNCTION ""RI_FKey_noaction_upd""()"
RI_ConstraintTrigger_a_20213,"CREATE CONSTRAINT TRIGGER ""RI_ConstraintTrigger_a_20213"" AFTER DELETE ON public.profiles FROM admin_audit_logs NOT DEFERRABLE INITIALLY IMMEDIATE FOR EACH ROW EXECUTE FUNCTION ""RI_FKey_noaction_del""()"
RI_ConstraintTrigger_a_20214,"CREATE CONSTRAINT TRIGGER ""RI_ConstraintTrigger_a_20214"" AFTER UPDATE ON public.profiles FROM admin_audit_logs NOT DEFERRABLE INITIALLY IMMEDIATE FOR EACH ROW EXECUTE FUNCTION ""RI_FKey_noaction_upd""()"
RI_ConstraintTrigger_a_20218,"CREATE CONSTRAINT TRIGGER ""RI_ConstraintTrigger_a_20218"" AFTER DELETE ON public.profiles FROM admin_audit_logs NOT DEFERRABLE INITIALLY IMMEDIATE FOR EACH ROW EXECUTE FUNCTION ""RI_FKey_noaction_del""()"
RI_ConstraintTrigger_a_20219,"CREATE CONSTRAINT TRIGGER ""RI_ConstraintTrigger_a_20219"" AFTER UPDATE ON public.profiles FROM admin_audit_logs NOT DEFERRABLE INITIALLY IMMEDIATE FOR EACH ROW EXECUTE FUNCTION ""RI_FKey_noaction_upd""()"
RI_ConstraintTrigger_a_20255,"CREATE CONSTRAINT TRIGGER ""RI_ConstraintTrigger_a_20255"" AFTER DELETE ON public.profiles FROM support_conversations NOT DEFERRABLE INITIALLY IMMEDIATE FOR EACH ROW EXECUTE FUNCTION ""RI_FKey_cascade_del""()"
RI_ConstraintTrigger_a_20256,"CREATE CONSTRAINT TRIGGER ""RI_ConstraintTrigger_a_20256"" AFTER UPDATE ON public.profiles FROM support_conversations NOT DEFERRABLE INITIALLY IMMEDIATE FOR EACH ROW EXECUTE FUNCTION ""RI_FKey_noaction_upd""()"
RI_ConstraintTrigger_a_20276,"CREATE CONSTRAINT TRIGGER ""RI_ConstraintTrigger_a_20276"" AFTER DELETE ON public.profiles FROM support_messages NOT DEFERRABLE INITIALLY IMMEDIATE FOR EACH ROW EXECUTE FUNCTION ""RI_FKey_noaction_del""()"
RI_ConstraintTrigger_a_20277,"CREATE CONSTRAINT TRIGGER ""RI_ConstraintTrigger_a_20277"" AFTER UPDATE ON public.profiles FROM support_messages NOT DEFERRABLE INITIALLY IMMEDIATE FOR EACH ROW EXECUTE FUNCTION ""RI_FKey_noaction_upd""()"
RI_ConstraintTrigger_a_20310,"CREATE CONSTRAINT TRIGGER ""RI_ConstraintTrigger_a_20310"" AFTER DELETE ON public.profiles FROM support_message_reactions NOT DEFERRABLE INITIALLY IMMEDIATE FOR EACH ROW EXECUTE FUNCTION ""RI_FKey_noaction_del""()"
RI_ConstraintTrigger_a_20311,"CREATE CONSTRAINT TRIGGER ""RI_ConstraintTrigger_a_20311"" AFTER UPDATE ON public.profiles FROM support_message_reactions NOT DEFERRABLE INITIALLY IMMEDIATE FOR EACH ROW EXECUTE FUNCTION ""RI_FKey_noaction_upd""()"
RI_ConstraintTrigger_a_21503,"CREATE CONSTRAINT TRIGGER ""RI_ConstraintTrigger_a_21503"" AFTER DELETE ON public.profiles FROM payment_confirmations NOT DEFERRABLE INITIALLY IMMEDIATE FOR EACH ROW EXECUTE FUNCTION ""RI_FKey_noaction_del""()"
RI_ConstraintTrigger_a_21504,"CREATE CONSTRAINT TRIGGER ""RI_ConstraintTrigger_a_21504"" AFTER UPDATE ON public.profiles FROM payment_confirmations NOT DEFERRABLE INITIALLY IMMEDIATE FOR EACH ROW EXECUTE FUNCTION ""RI_FKey_noaction_upd""()"
RI_ConstraintTrigger_a_28599,"CREATE CONSTRAINT TRIGGER ""RI_ConstraintTrigger_a_28599"" AFTER DELETE ON public.profiles FROM reviews NOT DEFERRABLE INITIALLY IMMEDIATE FOR EACH ROW EXECUTE FUNCTION ""RI_FKey_cascade_del""()"
RI_ConstraintTrigger_a_28600,"CREATE CONSTRAINT TRIGGER ""RI_ConstraintTrigger_a_28600"" AFTER UPDATE ON public.profiles FROM reviews NOT DEFERRABLE INITIALLY IMMEDIATE FOR EACH ROW EXECUTE FUNCTION ""RI_FKey_noaction_upd""()"
RI_ConstraintTrigger_a_28604,"CREATE CONSTRAINT TRIGGER ""RI_ConstraintTrigger_a_28604"" AFTER DELETE ON public.profiles FROM reviews NOT DEFERRABLE INITIALLY IMMEDIATE FOR EACH ROW EXECUTE FUNCTION ""RI_FKey_cascade_del""()"
RI_ConstraintTrigger_a_28605,"CREATE CONSTRAINT TRIGGER ""RI_ConstraintTrigger_a_28605"" AFTER UPDATE ON public.profiles FROM reviews NOT DEFERRABLE INITIALLY IMMEDIATE FOR EACH ROW EXECUTE FUNCTION ""RI_FKey_noaction_upd""()"
RI_ConstraintTrigger_a_28675,"CREATE CONSTRAINT TRIGGER ""RI_ConstraintTrigger_a_28675"" AFTER DELETE ON public.profiles FROM site_visitors NOT DEFERRABLE INITIALLY IMMEDIATE FOR EACH ROW EXECUTE FUNCTION ""RI_FKey_setnull_del""()"
RI_ConstraintTrigger_a_28676,"CREATE CONSTRAINT TRIGGER ""RI_ConstraintTrigger_a_28676"" AFTER UPDATE ON public.profiles FROM site_visitors NOT DEFERRABLE INITIALLY IMMEDIATE FOR EACH ROW EXECUTE FUNCTION ""RI_FKey_noaction_upd""()"
RI_ConstraintTrigger_a_28698,"CREATE CONSTRAINT TRIGGER ""RI_ConstraintTrigger_a_28698"" AFTER DELETE ON public.profiles FROM blocked_ips NOT DEFERRABLE INITIALLY IMMEDIATE FOR EACH ROW EXECUTE FUNCTION ""RI_FKey_setnull_del""()"
RI_ConstraintTrigger_a_28699,"CREATE CONSTRAINT TRIGGER ""RI_ConstraintTrigger_a_28699"" AFTER UPDATE ON public.profiles FROM blocked_ips NOT DEFERRABLE INITIALLY IMMEDIATE FOR EACH ROW EXECUTE FUNCTION ""RI_FKey_noaction_upd""()"
RI_ConstraintTrigger_a_28764,"CREATE CONSTRAINT TRIGGER ""RI_ConstraintTrigger_a_28764"" AFTER DELETE ON public.profiles FROM coin_transactions NOT DEFERRABLE INITIALLY IMMEDIATE FOR EACH ROW EXECUTE FUNCTION ""RI_FKey_cascade_del""()"
RI_ConstraintTrigger_a_28765,"CREATE CONSTRAINT TRIGGER ""RI_ConstraintTrigger_a_28765"" AFTER UPDATE ON public.profiles FROM coin_transactions NOT DEFERRABLE INITIALLY IMMEDIATE FOR EACH ROW EXECUTE FUNCTION ""RI_FKey_noaction_upd""()"
RI_ConstraintTrigger_a_28786,"CREATE CONSTRAINT TRIGGER ""RI_ConstraintTrigger_a_28786"" AFTER DELETE ON public.profiles FROM attendance NOT DEFERRABLE INITIALLY IMMEDIATE FOR EACH ROW EXECUTE FUNCTION ""RI_FKey_cascade_del""()"
RI_ConstraintTrigger_a_28787,"CREATE CONSTRAINT TRIGGER ""RI_ConstraintTrigger_a_28787"" AFTER UPDATE ON public.profiles FROM attendance NOT DEFERRABLE INITIALLY IMMEDIATE FOR EACH ROW EXECUTE FUNCTION ""RI_FKey_noaction_upd""()"
RI_ConstraintTrigger_a_28824,"CREATE CONSTRAINT TRIGGER ""RI_ConstraintTrigger_a_28824"" AFTER DELETE ON public.profiles FROM coin_reward_claims NOT DEFERRABLE INITIALLY IMMEDIATE FOR EACH ROW EXECUTE FUNCTION ""RI_FKey_cascade_del""()"
RI_ConstraintTrigger_a_28825,"CREATE CONSTRAINT TRIGGER ""RI_ConstraintTrigger_a_28825"" AFTER UPDATE ON public.profiles FROM coin_reward_claims NOT DEFERRABLE INITIALLY IMMEDIATE FOR EACH ROW EXECUTE FUNCTION ""RI_FKey_noaction_upd""()"
RI_ConstraintTrigger_a_28875,"CREATE CONSTRAINT TRIGGER ""RI_ConstraintTrigger_a_28875"" AFTER DELETE ON public.profiles FROM employee_payment_apps NOT DEFERRABLE INITIALLY IMMEDIATE FOR EACH ROW EXECUTE FUNCTION ""RI_FKey_cascade_del""()"
RI_ConstraintTrigger_a_28876,"CREATE CONSTRAINT TRIGGER ""RI_ConstraintTrigger_a_28876"" AFTER UPDATE ON public.profiles FROM employee_payment_apps NOT DEFERRABLE INITIALLY IMMEDIATE FOR EACH ROW EXECUTE FUNCTION ""RI_FKey_noaction_upd""()"
RI_ConstraintTrigger_a_28966,"CREATE CONSTRAINT TRIGGER ""RI_ConstraintTrigger_a_28966"" AFTER DELETE ON public.profiles FROM push_subscriptions NOT DEFERRABLE INITIALLY IMMEDIATE FOR EACH ROW EXECUTE FUNCTION ""RI_FKey_cascade_del""()"
RI_ConstraintTrigger_a_28967,"CREATE CONSTRAINT TRIGGER ""RI_ConstraintTrigger_a_28967"" AFTER UPDATE ON public.profiles FROM push_subscriptions NOT DEFERRABLE INITIALLY IMMEDIATE FOR EACH ROW EXECUTE FUNCTION ""RI_FKey_noaction_upd""()"
RI_ConstraintTrigger_a_29096,"CREATE CONSTRAINT TRIGGER ""RI_ConstraintTrigger_a_29096"" AFTER DELETE ON public.profiles FROM user_bank_accounts NOT DEFERRABLE INITIALLY IMMEDIATE FOR EACH ROW EXECUTE FUNCTION ""RI_FKey_cascade_del""()"
RI_ConstraintTrigger_a_29097,"CREATE CONSTRAINT TRIGGER ""RI_ConstraintTrigger_a_29097"" AFTER UPDATE ON public.profiles FROM user_bank_accounts NOT DEFERRABLE INITIALLY IMMEDIATE FOR EACH ROW EXECUTE FUNCTION ""RI_FKey_noaction_upd""()"
RI_ConstraintTrigger_a_29122,"CREATE CONSTRAINT TRIGGER ""RI_ConstraintTrigger_a_29122"" AFTER DELETE ON public.profiles FROM user_reviews NOT DEFERRABLE INITIALLY IMMEDIATE FOR EACH ROW EXECUTE FUNCTION ""RI_FKey_cascade_del""()"
RI_ConstraintTrigger_a_29123,"CREATE CONSTRAINT TRIGGER ""RI_ConstraintTrigger_a_29123"" AFTER UPDATE ON public.profiles FROM user_reviews NOT DEFERRABLE INITIALLY IMMEDIATE FOR EACH ROW EXECUTE FUNCTION ""RI_FKey_noaction_upd""()"
RI_ConstraintTrigger_a_29229,"CREATE CONSTRAINT TRIGGER ""RI_ConstraintTrigger_a_29229"" AFTER DELETE ON public.profiles FROM pwa_install_status NOT DEFERRABLE INITIALLY IMMEDIATE FOR EACH ROW EXECUTE FUNCTION ""RI_FKey_cascade_del""()"
RI_ConstraintTrigger_a_29230,"CREATE CONSTRAINT TRIGGER ""RI_ConstraintTrigger_a_29230"" AFTER UPDATE ON public.profiles FROM pwa_install_status NOT DEFERRABLE INITIALLY IMMEDIATE FOR EACH ROW EXECUTE FUNCTION ""RI_FKey_noaction_upd""()"
RI_ConstraintTrigger_a_32754,"CREATE CONSTRAINT TRIGGER ""RI_ConstraintTrigger_a_32754"" AFTER DELETE ON public.profiles FROM wallet_upgrade_requests NOT DEFERRABLE INITIALLY IMMEDIATE FOR EACH ROW EXECUTE FUNCTION ""RI_FKey_cascade_del""()"
RI_ConstraintTrigger_a_32755,"CREATE CONSTRAINT TRIGGER ""RI_ConstraintTrigger_a_32755"" AFTER UPDATE ON public.profiles FROM wallet_upgrade_requests NOT DEFERRABLE INITIALLY IMMEDIATE FOR EACH ROW EXECUTE FUNCTION ""RI_FKey_noaction_upd""()"
RI_ConstraintTrigger_a_32841,"CREATE CONSTRAINT TRIGGER ""RI_ConstraintTrigger_a_32841"" AFTER DELETE ON public.profiles FROM upgrade_appointments NOT DEFERRABLE INITIALLY IMMEDIATE FOR EACH ROW EXECUTE FUNCTION ""RI_FKey_cascade_del""()"
RI_ConstraintTrigger_a_32842,"CREATE CONSTRAINT TRIGGER ""RI_ConstraintTrigger_a_32842"" AFTER UPDATE ON public.profiles FROM upgrade_appointments NOT DEFERRABLE INITIALLY IMMEDIATE FOR EACH ROW EXECUTE FUNCTION ""RI_FKey_noaction_upd""()"
RI_ConstraintTrigger_c_17579,"CREATE CONSTRAINT TRIGGER ""RI_ConstraintTrigger_c_17579"" AFTER INSERT ON public.profiles FROM auth.users NOT DEFERRABLE INITIALLY IMMEDIATE FOR EACH ROW EXECUTE FUNCTION ""RI_FKey_check_ins""()"
RI_ConstraintTrigger_c_17580,"CREATE CONSTRAINT TRIGGER ""RI_ConstraintTrigger_c_17580"" AFTER UPDATE ON public.profiles FROM auth.users NOT DEFERRABLE INITIALLY IMMEDIATE FOR EACH ROW EXECUTE FUNCTION ""RI_FKey_check_upd""()"
RI_ConstraintTrigger_c_19713,"CREATE CONSTRAINT TRIGGER ""RI_ConstraintTrigger_c_19713"" AFTER INSERT ON public.profiles FROM profiles NOT DEFERRABLE INITIALLY IMMEDIATE FOR EACH ROW EXECUTE FUNCTION ""RI_FKey_check_ins""()"
RI_ConstraintTrigger_c_19714,"CREATE CONSTRAINT TRIGGER ""RI_ConstraintTrigger_c_19714"" AFTER UPDATE ON public.profiles FROM profiles NOT DEFERRABLE INITIALLY IMMEDIATE FOR EACH ROW EXECUTE FUNCTION ""RI_FKey_check_upd""()"
RI_ConstraintTrigger_c_32741,"CREATE CONSTRAINT TRIGGER ""RI_ConstraintTrigger_c_32741"" AFTER INSERT ON public.profiles FROM wallet_types NOT DEFERRABLE INITIALLY IMMEDIATE FOR EACH ROW EXECUTE FUNCTION ""RI_FKey_check_ins""()"
RI_ConstraintTrigger_c_32742,"CREATE CONSTRAINT TRIGGER ""RI_ConstraintTrigger_c_32742"" AFTER UPDATE ON public.profiles FROM wallet_types NOT DEFERRABLE INITIALLY IMMEDIATE FOR EACH ROW EXECUTE FUNCTION ""RI_FKey_check_upd""()"
generate_user_code_trigger,CREATE TRIGGER generate_user_code_trigger BEFORE INSERT ON public.profiles FOR EACH ROW EXECUTE FUNCTION generate_user_code()
generate_wallet_number_trigger,CREATE TRIGGER generate_wallet_number_trigger BEFORE INSERT ON public.profiles FOR EACH ROW EXECUTE FUNCTION generate_wallet_number()
set_referral_code,CREATE TRIGGER set_referral_code BEFORE INSERT ON public.profiles FOR EACH ROW EXECUTE FUNCTION generate_referral_code()
set_user_code_on_insert,CREATE TRIGGER set_user_code_on_insert BEFORE INSERT ON public.profiles FOR EACH ROW EXECUTE FUNCTION generate_user_code()
trg_referral_signup_bonus,CREATE TRIGGER trg_referral_signup_bonus AFTER UPDATE ON public.profiles FOR EACH ROW EXECUTE FUNCTION credit_referral_signup_bonus()
trigger_award_coins_complete_profile,CREATE TRIGGER trigger_award_coins_complete_profile AFTER UPDATE ON public.profiles FOR EACH ROW EXECUTE FUNCTION award_coins_complete_profile()
trigger_generate_user_code,CREATE TRIGGER trigger_generate_user_code BEFORE INSERT ON public.profiles FOR EACH ROW EXECUTE FUNCTION generate_user_code()
update_profiles_updated_at,CREATE TRIGGER update_profiles_updated_at BEFORE UPDATE ON public.profiles FOR EACH ROW EXECUTE FUNCTION update_updated_at_column()